{"stats":{"minecraft:dropped":{"patchouli:guide_book":2},"minecraft:crafted":{"minecraft:oak_planks":24,"minecraft:crafting_table":1,"minecraft:stick":8,"minecraft:wooden_axe":2},"minecraft:killed":{"minecraft:spider":1},"minecraft:used":{"minecraft:wooden_axe":2,"minecraft:dirt":1,"minecraft:crafting_table":1},"minecraft:killed_by":{"minecraft:skeleton":1,"minecraft:spider":1},"minecraft:picked_up":{"minecraft:stick":2,"patchouli:guide_book":3,"minecraft:wheat_seeds":2,"minecraft:oak_log":6,"minecraft:oak_sapling":1,"minecraft:oak_planks":15,"minecraft:dirt":39},"minecraft:mined":{"minecraft:oak_log":6,"minecraft:oak_leaves":1},"minecraft:custom":{"minecraft:time_since_rest":5646,"minecraft:crouch_one_cm":37,"minecraft:damage_taken":745,"minecraft:play_time":10021,"minecraft:sprint_one_cm":12150,"minecraft:walk_one_cm":7658,"minecraft:deaths":2,"minecraft:sneak_time":526,"minecraft:mob_kills":1,"minecraft:drop":2,"minecraft:jump":131,"minecraft:damage_dealt":281,"minecraft:leave_game":3,"minecraft:time_since_death":5614,"minecraft:walk_on_water_one_cm":1302,"minecraft:total_world_time":10021,"minecraft:interact_with_crafting_table":6,"minecraft:fall_one_cm":5536,"minecraft:fly_one_cm":149043}},"DataVersion":3465}